"id","event_id","path","alt","sort_order","created_at","updated_at"
"13","1","events/1/iQwWdywrYGgrPEh9aszEhmbhMV6FNWmfCebLhJN5.jpg",NULL,"4","2025-12-06 21:51:49","2025-12-06 21:59:10"
"14","1","events/1/SK7Wldvwut8VIEVuC1KzQUIzTl0SKRMBC5FVAUSn.jpg",NULL,"3","2025-12-06 21:51:49","2025-12-06 21:59:10"
"15","1","events/1/5n4qOxqgXHmfttKWFmS7B21qyqh1tiW7PSyt0kB9.jpg",NULL,"2","2025-12-06 21:51:49","2025-12-06 21:59:10"
"16","1","events/1/vZToUR6hLpAmAPdf5k2x82e9lieT9PucvU1ok7ZP.jpg",NULL,"1","2025-12-06 21:51:49","2025-12-06 21:59:10"
"17","1","events/1/gCeCePS1I9FGeQCf3Z9JoEoh2KMeY3Hbehw1UjQA.jpg",NULL,"7","2025-12-06 21:53:44","2025-12-06 21:59:10"
"18","1","events/1/i6BOlfpAzIUKsdJVUqzC6YjmmVYZGHWa8aXMy7Pu.jpg",NULL,"10","2025-12-06 21:53:44","2025-12-06 21:59:10"
"19","1","events/1/iMLnTbSG9j980BlG5S5KVHggU6F393wseZnyNIec.jpg",NULL,"11","2025-12-06 21:53:44","2025-12-06 21:59:10"
"20","1","events/1/MBVJHrjoHK8PdQdBk89v9lsu82PfTqgDnyLCiU65.jpg",NULL,"12","2025-12-06 21:53:44","2025-12-06 21:59:10"
"21","1","events/1/zB1HcTwPzYVF6bDg1BGEEyZnrbLYQTt6ZWNFfEaC.jpg",NULL,"13","2025-12-06 21:53:44","2025-12-06 21:59:10"
"22","1","events/1/lTgcRKdzKmZbP7HLLyPAGDCt8TznRdeuQXXQFJ1K.jpg",NULL,"14","2025-12-06 21:53:44","2025-12-06 21:59:10"
"23","1","events/1/Ccemgpw0ZNxq36hHw5cfNZOb1bwLKNIX2hxvkISO.jpg",NULL,"15","2025-12-06 21:53:44","2025-12-06 21:59:10"
"24","1","events/1/D2ezfV2lseo4ZUKkjtAmQLn65tx6b3e9lBhuXSaC.jpg",NULL,"9","2025-12-06 21:57:04","2025-12-06 21:59:10"
"25","1","events/1/PC1ep6WU20fcBwmI1usqn0UcNwN1MnybKqbZ0kqb.jpg",NULL,"8","2025-12-06 21:57:04","2025-12-06 21:59:10"
"26","1","events/1/Hq4TaNYYBK3Bz4RULEDgO3B8M8brwxMzWbYaR3CB.jpg",NULL,"6","2025-12-06 21:57:04","2025-12-06 21:59:10"
"27","1","events/1/xIyQ457SReV0qDvAPECAyR0zkMocnp0S5O5yYiGj.jpg",NULL,"5","2025-12-06 21:57:04","2025-12-06 21:59:10"
"28","2","events/2/JGT2teaDDDrgpT1PtScswiaM6R23tcxdIw8Op29V.png",NULL,"1","2025-12-06 22:11:50","2025-12-06 22:11:50"
